{
  "token_acc": 0.9984532137,
  "tag_acc": 0.988137533,
  "pos_acc": 0.988137533,
  "morph_acc": 0.971158695,
  "lemma_acc": 2.15267e-05,
  "dep_uas": 0.9594394991,
  "dep_las": 0.9468119863,
  "ents_p": 0.9442771084,
  "ents_r": 0.9498400943,
  "ents_f": 0.9470504322,
  "sents_p": 0.9980970504,
  "sents_r": 0.9979071537,
  "sents_f": 0.998002093,
  "speed": 3898.5679296223,
  "morph_per_feat": {
    "Animacy": {
      "p": 0.9877032341,
      "r": 0.9782861462,
      "f": 0.9829721362
    },
    "Case": {
      "p": 0.9755100207,
      "r": 0.9687409358,
      "f": 0.9721136946
    },
    "Gender": {
      "p": 0.9871589798,
      "r": 0.9807314543,
      "f": 0.9839347203
    },
    "Number": {
      "p": 0.9950145015,
      "r": 0.98862395,
      "f": 0.9918089318
    },
    "Degree": {
      "p": 0.983101188,
      "r": 0.985523614,
      "f": 0.9843109106
    },
    "Aspect": {
      "p": 0.9824259444,
      "r": 0.9748314607,
      "f": 0.9786139686
    },
    "Mood": {
      "p": 0.9985100571,
      "r": 0.9970245475,
      "f": 0.9977667494
    },
    "Tense": {
      "p": 0.989329742,
      "r": 0.980895645,
      "f": 0.9850946413
    },
    "VerbForm": {
      "p": 0.9944741372,
      "r": 0.9867865169,
      "f": 0.9906154124
    },
    "Voice": {
      "p": 0.9888576864,
      "r": 0.9812134831,
      "f": 0.9850207544
    },
    "StyleVariant": {
      "p": 0.9911417323,
      "r": 0.9930966469,
      "f": 0.9921182266
    },
    "Polarity": {
      "p": 1.0,
      "r": 1.0,
      "f": 1.0
    },
    "Person": {
      "p": 0.9990904957,
      "r": 0.991202346,
      "f": 0.9951307893
    },
    "Foreign": {
      "p": 0.9698149951,
      "r": 0.8615916955,
      "f": 0.9125057261
    },
    "Hyph": {
      "p": 1.0,
      "r": 0.5,
      "f": 0.6666666667
    }
  },
  "dep_las_per_type": {
    "case": {
      "p": 0.9933956034,
      "r": 0.9892887344,
      "f": 0.9913379155
    },
    "parataxis": {
      "p": 0.8784494087,
      "r": 0.8648124191,
      "f": 0.871577575
    },
    "nmod": {
      "p": 0.9230840774,
      "r": 0.9217980867,
      "f": 0.9224406339
    },
    "advmod": {
      "p": 0.9563884157,
      "r": 0.9486312944,
      "f": 0.9524940618
    },
    "obl": {
      "p": 0.936653441,
      "r": 0.9265123833,
      "f": 0.9315553136
    },
    "amod": {
      "p": 0.9886363636,
      "r": 0.9841628959,
      "f": 0.9863945578
    },
    "nsubj": {
      "p": 0.9687947779,
      "r": 0.9608400442,
      "f": 0.9648010147
    },
    "root": {
      "p": 0.986473614,
      "r": 0.9851598174,
      "f": 0.985816278
    },
    "xcomp": {
      "p": 0.9424943988,
      "r": 0.9589665653,
      "f": 0.9506591337
    },
    "conj": {
      "p": 0.8843308675,
      "r": 0.9025394647,
      "f": 0.8933423913
    },
    "cc": {
      "p": 0.9727699531,
      "r": 0.9691300281,
      "f": 0.9709465792
    },
    "fixed": {
      "p": 0.9872935197,
      "r": 0.9885496183,
      "f": 0.9879211697
    },
    "mark": {
      "p": 0.9661458333,
      "r": 0.9686684073,
      "f": 0.9674054759
    },
    "ccomp": {
      "p": 0.9689762151,
      "r": 0.980125523,
      "f": 0.9745189808
    },
    "nummod:gov": {
      "p": 0.9665970772,
      "r": 0.9645833333,
      "f": 0.9655891554
    },
    "nummod": {
      "p": 0.9645021645,
      "r": 0.9456706282,
      "f": 0.9549935705
    },
    "obj": {
      "p": 0.964709126,
      "r": 0.956010929,
      "f": 0.9603403321
    },
    "det": {
      "p": 0.9683908046,
      "r": 0.9739884393,
      "f": 0.9711815562
    },
    "appos": {
      "p": 0.8869274809,
      "r": 0.7985395189,
      "f": 0.8404159132
    },
    "aux": {
      "p": 0.980952381,
      "r": 0.980952381,
      "f": 0.980952381
    },
    "flat": {
      "p": 0.9928909953,
      "r": 0.9544419134,
      "f": 0.9732868757
    },
    "flat:name": {
      "p": 0.9670103093,
      "r": 0.9690082645,
      "f": 0.9680082559
    },
    "iobj": {
      "p": 0.8963165075,
      "r": 0.8253768844,
      "f": 0.8593852191
    },
    "acl": {
      "p": 0.9125827815,
      "r": 0.8601747815,
      "f": 0.8856041131
    },
    "obl:agent": {
      "p": 0.7341772152,
      "r": 0.7631578947,
      "f": 0.7483870968
    },
    "advcl": {
      "p": 0.8720930233,
      "r": 0.8561643836,
      "f": 0.8640552995
    },
    "cop": {
      "p": 0.8936170213,
      "r": 0.875,
      "f": 0.8842105263
    },
    "flat:foreign": {
      "p": 0.9576719577,
      "r": 0.8227272727,
      "f": 0.8850855746
    },
    "aux:pass": {
      "p": 0.9828080229,
      "r": 0.9828080229,
      "f": 0.9828080229
    },
    "nsubj:pass": {
      "p": 0.9375,
      "r": 0.9416058394,
      "f": 0.9395484341
    },
    "acl:relcl": {
      "p": 0.8004246285,
      "r": 0.7741273101,
      "f": 0.7870563674
    },
    "orphan": {
      "p": 0.7428571429,
      "r": 0.7222222222,
      "f": 0.7323943662
    },
    "discourse": {
      "p": 0.8955223881,
      "r": 0.9230769231,
      "f": 0.9090909091
    },
    "csubj": {
      "p": 0.962406015,
      "r": 0.9014084507,
      "f": 0.9309090909
    },
    "expl": {
      "p": 0.8333333333,
      "r": 0.7894736842,
      "f": 0.8108108108
    },
    "compound": {
      "p": 1.0,
      "r": 0.5,
      "f": 0.6666666667
    },
    "csubj:pass": {
      "p": 0.9090909091,
      "r": 0.9090909091,
      "f": 0.9090909091
    },
    "nummod:entity": {
      "p": 1.0,
      "r": 0.75,
      "f": 0.8571428571
    },
    "list": {
      "p": 0.0,
      "r": 0.0,
      "f": 0.0
    }
  },
  "ents_per_type": {
    "PER": {
      "p": 0.9548787366,
      "r": 0.9505895564,
      "f": 0.9527293191
    },
    "LOC": {
      "p": 0.9740075614,
      "r": 0.9735474728,
      "f": 0.9737774628
    },
    "ORG": {
      "p": 0.9051269765,
      "r": 0.9246206559,
      "f": 0.9147699758
    }
  }
}