{
  "token_acc": 0.9984047451,
  "token_p": 0.9727635194,
  "token_r": 0.9831678569,
  "token_f": 0.9779380158,
  "pos_acc": 0.9880060539,
  "morph_acc": 0.9711357536,
  "morph_micro_p": 0.9875020482,
  "morph_micro_r": 0.9805651482,
  "morph_micro_f": 0.9840213729,
  "morph_per_feat": {
    "Animacy": {
      "p": 0.9879047647,
      "r": 0.9781698738,
      "f": 0.9830132184
    },
    "Case": {
      "p": 0.9752914486,
      "r": 0.9687632477,
      "f": 0.9720163872
    },
    "Gender": {
      "p": 0.9868704596,
      "r": 0.9804665946,
      "f": 0.9836581045
    },
    "Number": {
      "p": 0.9951099318,
      "r": 0.9888499642,
      "f": 0.991970072
    },
    "Degree": {
      "p": 0.983003993,
      "r": 0.9857289528,
      "f": 0.9843645871
    },
    "Aspect": {
      "p": 0.9826197158,
      "r": 0.9757303371,
      "f": 0.9791629082
    },
    "Mood": {
      "p": 0.9988819876,
      "r": 0.9969005703,
      "f": 0.9978902954
    },
    "Tense": {
      "p": 0.9901676671,
      "r": 0.982641742,
      "f": 0.9863903495
    },
    "VerbForm": {
      "p": 0.9945686612,
      "r": 0.9875955056,
      "f": 0.9910698178
    },
    "Voice": {
      "p": 0.9888657554,
      "r": 0.9819325843,
      "f": 0.9853869746
    },
    "StyleVariant": {
      "p": 0.986287953,
      "r": 0.9930966469,
      "f": 0.9896805897
    },
    "Polarity": {
      "p": 1.0,
      "r": 1.0,
      "f": 1.0
    },
    "Person": {
      "p": 0.9997725722,
      "r": 0.9916535078,
      "f": 0.9956964892
    },
    "Foreign": {
      "p": 0.970703125,
      "r": 0.8598615917,
      "f": 0.9119266055
    },
    "Hyph": {
      "p": 0.0,
      "r": 0.0,
      "f": 0.0
    }
  },
  "sents_p": 0.9986681887,
  "sents_r": 0.9986681887,
  "sents_f": 0.9986681887,
  "dep_uas": 0.9592758407,
  "dep_las": 0.9473147719,
  "dep_las_per_type": {
    "case": {
      "p": 0.9918071381,
      "r": 0.9895706098,
      "f": 0.9906876117
    },
    "parataxis": {
      "p": 0.893073302,
      "r": 0.8589909444,
      "f": 0.8757006264
    },
    "nmod": {
      "p": 0.922032006,
      "r": 0.920404941,
      "f": 0.9212177551
    },
    "advmod": {
      "p": 0.9584327087,
      "r": 0.9506590064,
      "f": 0.9545300305
    },
    "obl": {
      "p": 0.9369024857,
      "r": 0.9284070916,
      "f": 0.9326354429
    },
    "amod": {
      "p": 0.9856818826,
      "r": 0.9831730769,
      "f": 0.9844258814
    },
    "nsubj": {
      "p": 0.9683444128,
      "r": 0.9660508448,
      "f": 0.9671962691
    },
    "root": {
      "p": 0.9887640449,
      "r": 0.9878234399,
      "f": 0.9882935186
    },
    "xcomp": {
      "p": 0.9502262443,
      "r": 0.9574468085,
      "f": 0.9538228615
    },
    "conj": {
      "p": 0.8871515976,
      "r": 0.8956760467,
      "f": 0.8913934426
    },
    "cc": {
      "p": 0.9723912026,
      "r": 0.9719363891,
      "f": 0.9721637427
    },
    "fixed": {
      "p": 0.9898089172,
      "r": 0.9885496183,
      "f": 0.989178867
    },
    "mark": {
      "p": 0.9616384915,
      "r": 0.9654046997,
      "f": 0.9635179153
    },
    "ccomp": {
      "p": 0.978125,
      "r": 0.9822175732,
      "f": 0.9801670146
    },
    "nummod:gov": {
      "p": 0.9765957447,
      "r": 0.95625,
      "f": 0.9663157895
    },
    "nummod": {
      "p": 0.9629310345,
      "r": 0.9482173175,
      "f": 0.9555175364
    },
    "obj": {
      "p": 0.9696132597,
      "r": 0.9590163934,
      "f": 0.9642857143
    },
    "det": {
      "p": 0.9629898403,
      "r": 0.9588150289,
      "f": 0.9608979001
    },
    "appos": {
      "p": 0.8898865784,
      "r": 0.8088487973,
      "f": 0.8474347435
    },
    "aux": {
      "p": 0.9444444444,
      "r": 0.9714285714,
      "f": 0.9577464789
    },
    "flat": {
      "p": 0.9952718676,
      "r": 0.9589977221,
      "f": 0.9767981439
    },
    "flat:name": {
      "p": 0.9770114943,
      "r": 0.9659090909,
      "f": 0.9714285714
    },
    "iobj": {
      "p": 0.9124293785,
      "r": 0.8115577889,
      "f": 0.8590425532
    },
    "acl": {
      "p": 0.9134993447,
      "r": 0.8701622971,
      "f": 0.8913043478
    },
    "obl:agent": {
      "p": 0.6790123457,
      "r": 0.7236842105,
      "f": 0.7006369427
    },
    "advcl": {
      "p": 0.8538812785,
      "r": 0.8538812785,
      "f": 0.8538812785
    },
    "cop": {
      "p": 0.9219858156,
      "r": 0.9027777778,
      "f": 0.9122807018
    },
    "flat:foreign": {
      "p": 0.9627659574,
      "r": 0.8227272727,
      "f": 0.887254902
    },
    "aux:pass": {
      "p": 0.9854651163,
      "r": 0.9713467049,
      "f": 0.9783549784
    },
    "nsubj:pass": {
      "p": 0.9460641399,
      "r": 0.9474452555,
      "f": 0.946754194
    },
    "acl:relcl": {
      "p": 0.7916666667,
      "r": 0.7802874743,
      "f": 0.7859358842
    },
    "orphan": {
      "p": 0.8285714286,
      "r": 0.8055555556,
      "f": 0.8169014085
    },
    "discourse": {
      "p": 0.9523809524,
      "r": 0.9230769231,
      "f": 0.9375
    },
    "csubj": {
      "p": 0.9503546099,
      "r": 0.9436619718,
      "f": 0.9469964664
    },
    "expl": {
      "p": 0.7894736842,
      "r": 0.7894736842,
      "f": 0.7894736842
    },
    "compound": {
      "p": 1.0,
      "r": 0.4,
      "f": 0.5714285714
    },
    "csubj:pass": {
      "p": 0.9,
      "r": 0.8181818182,
      "f": 0.8571428571
    },
    "nummod:entity": {
      "p": 1.0,
      "r": 0.75,
      "f": 0.8571428571
    },
    "list": {
      "p": 0.0,
      "r": 0.0,
      "f": 0.0
    }
  },
  "tag_acc": 0.9880060539,
  "lemma_acc": 2.15292e-05,
  "ents_p": 0.943812709,
  "ents_r": 0.9500084161,
  "ents_f": 0.9469004278,
  "ents_per_type": {
    "PER": {
      "p": 0.9628169014,
      "r": 0.9595732734,
      "f": 0.961192351
    },
    "LOC": {
      "p": 0.9730623819,
      "r": 0.9726027397,
      "f": 0.9728325065
    },
    "ORG": {
      "p": 0.8980373384,
      "r": 0.9182574645,
      "f": 0.90803485
    }
  },
  "speed": 3573.1911564665
}