{
  "token_acc": 0.9984047451,
  "token_p": 0.9727635194,
  "token_r": 0.9831678569,
  "token_f": 0.9779380158,
  "pos_acc": 0.9880220031,
  "morph_acc": 0.971042157,
  "morph_micro_p": 0.9874208682,
  "morph_micro_r": 0.9802234723,
  "morph_micro_f": 0.9838090067,
  "morph_per_feat": {
    "Animacy": {
      "p": 0.9878994361,
      "r": 0.9777338527,
      "f": 0.9827903579
    },
    "Case": {
      "p": 0.9759742887,
      "r": 0.9688971195,
      "f": 0.9724228276
    },
    "Gender": {
      "p": 0.9871327615,
      "r": 0.9804003796,
      "f": 0.9837550523
    },
    "Number": {
      "p": 0.9949952607,
      "r": 0.9885486119,
      "f": 0.9917614603
    },
    "Degree": {
      "p": 0.9833179818,
      "r": 0.9864476386,
      "f": 0.9848803239
    },
    "Aspect": {
      "p": 0.9811594203,
      "r": 0.9736629213,
      "f": 0.9773967968
    },
    "Mood": {
      "p": 0.9973951873,
      "r": 0.9969005703,
      "f": 0.9971478175
    },
    "Tense": {
      "p": 0.9889142147,
      "r": 0.9803820871,
      "f": 0.9846296678
    },
    "VerbForm": {
      "p": 0.9940217391,
      "r": 0.9864269663,
      "f": 0.9902097902
    },
    "Voice": {
      "p": 0.9887681159,
      "r": 0.9812134831,
      "f": 0.984976314
    },
    "StyleVariant": {
      "p": 0.9881773399,
      "r": 0.9891518738,
      "f": 0.9886643667
    },
    "Polarity": {
      "p": 1.0,
      "r": 1.0,
      "f": 1.0
    },
    "Person": {
      "p": 0.9981855296,
      "r": 0.9927814121,
      "f": 0.9954761366
    },
    "Foreign": {
      "p": 0.9641472868,
      "r": 0.8607266436,
      "f": 0.9095063985
    },
    "Hyph": {
      "p": 1.0,
      "r": 0.5,
      "f": 0.6666666667
    }
  },
  "sents_p": 0.9979071537,
  "sents_r": 0.9979071537,
  "sents_f": 0.9979071537,
  "dep_uas": 0.9605307016,
  "dep_las": 0.9479289864,
  "dep_las_per_type": {
    "case": {
      "p": 0.9938638724,
      "r": 0.9891947759,
      "f": 0.9915238275
    },
    "parataxis": {
      "p": 0.8766578249,
      "r": 0.8551099612,
      "f": 0.8657498363
    },
    "nmod": {
      "p": 0.9252266567,
      "r": 0.9193833008,
      "f": 0.9222957235
    },
    "advmod": {
      "p": 0.9605442177,
      "r": 0.9543764785,
      "f": 0.9574504153
    },
    "obl": {
      "p": 0.9362658314,
      "r": 0.9304371363,
      "f": 0.9333423839
    },
    "amod": {
      "p": 0.9884926836,
      "r": 0.9838800905,
      "f": 0.9861809936
    },
    "nsubj": {
      "p": 0.967721519,
      "r": 0.9657350387,
      "f": 0.9667272584
    },
    "root": {
      "p": 0.9891428571,
      "r": 0.9880136986,
      "f": 0.9885779555
    },
    "xcomp": {
      "p": 0.9498502994,
      "r": 0.9642857143,
      "f": 0.9570135747
    },
    "conj": {
      "p": 0.8885501355,
      "r": 0.9001372684,
      "f": 0.8943061712
    },
    "cc": {
      "p": 0.9746954077,
      "r": 0.9728718428,
      "f": 0.9737827715
    },
    "fixed": {
      "p": 0.9860228717,
      "r": 0.9872773537,
      "f": 0.9866497139
    },
    "mark": {
      "p": 0.9681611436,
      "r": 0.9725848564,
      "f": 0.9703679583
    },
    "ccomp": {
      "p": 0.9770594369,
      "r": 0.980125523,
      "f": 0.9785900783
    },
    "nummod:gov": {
      "p": 0.9645833333,
      "r": 0.9645833333,
      "f": 0.9645833333
    },
    "nummod": {
      "p": 0.9679376083,
      "r": 0.9482173175,
      "f": 0.9579759863
    },
    "obj": {
      "p": 0.9663726571,
      "r": 0.9579234973,
      "f": 0.962129528
    },
    "det": {
      "p": 0.9625899281,
      "r": 0.9667630058,
      "f": 0.9646719539
    },
    "appos": {
      "p": 0.8767638758,
      "r": 0.8006872852,
      "f": 0.837000449
    },
    "aux": {
      "p": 0.9714285714,
      "r": 0.9714285714,
      "f": 0.9714285714
    },
    "flat": {
      "p": 0.9929577465,
      "r": 0.9635535308,
      "f": 0.9780346821
    },
    "flat:name": {
      "p": 0.9748953975,
      "r": 0.9628099174,
      "f": 0.9688149688
    },
    "iobj": {
      "p": 0.9134078212,
      "r": 0.8216080402,
      "f": 0.8650793651
    },
    "acl": {
      "p": 0.908616188,
      "r": 0.8689138577,
      "f": 0.8883216337
    },
    "obl:agent": {
      "p": 0.6588235294,
      "r": 0.7368421053,
      "f": 0.6956521739
    },
    "advcl": {
      "p": 0.891509434,
      "r": 0.8630136986,
      "f": 0.8770301624
    },
    "cop": {
      "p": 0.9172413793,
      "r": 0.9236111111,
      "f": 0.9204152249
    },
    "flat:foreign": {
      "p": 0.9626666667,
      "r": 0.8204545455,
      "f": 0.8858895706
    },
    "aux:pass": {
      "p": 0.9884393064,
      "r": 0.9799426934,
      "f": 0.9841726619
    },
    "nsubj:pass": {
      "p": 0.9542772861,
      "r": 0.9445255474,
      "f": 0.9493763756
    },
    "acl:relcl": {
      "p": 0.8109243697,
      "r": 0.7926078029,
      "f": 0.8016614746
    },
    "orphan": {
      "p": 0.7878787879,
      "r": 0.7222222222,
      "f": 0.7536231884
    },
    "discourse": {
      "p": 0.9104477612,
      "r": 0.9384615385,
      "f": 0.9242424242
    },
    "csubj": {
      "p": 0.9562043796,
      "r": 0.9225352113,
      "f": 0.9390681004
    },
    "expl": {
      "p": 0.8333333333,
      "r": 0.7894736842,
      "f": 0.8108108108
    },
    "compound": {
      "p": 1.0,
      "r": 0.3,
      "f": 0.4615384615
    },
    "csubj:pass": {
      "p": 0.9,
      "r": 0.8181818182,
      "f": 0.8571428571
    },
    "nummod:entity": {
      "p": 1.0,
      "r": 0.75,
      "f": 0.8571428571
    },
    "list": {
      "p": 0.0,
      "r": 0.0,
      "f": 0.0
    }
  },
  "tag_acc": 0.9880220031,
  "lemma_acc": 2.15292e-05,
  "ents_p": 0.9454119223,
  "ents_r": 0.9503450598,
  "ents_f": 0.9478720725,
  "ents_per_type": {
    "PER": {
      "p": 0.9616901408,
      "r": 0.9584503088,
      "f": 0.9600674916
    },
    "LOC": {
      "p": 0.9721303732,
      "r": 0.9721303732,
      "f": 0.9721303732
    },
    "ORG": {
      "p": 0.9043269231,
      "r": 0.9207048458,
      "f": 0.9124423963
    }
  },
  "speed": 3478.4785793705
}